time,AirPassagers
1949.000000,112
1949.083333,118
1949.166667,132
1949.25,129
1949.333333,121
1949.416667,135
1949.5,148
1949.583333,148
1949.666667,136
1949.75,119
1949.833333,104
1949.916667,118
